<?xml version="1.0" encoding="UTF-8"?>
<root>
  <item name="com.vrlocal.uicontrolmodule.collection.VLogUtils void file(int, java.lang.Object) 0">
    <annotation name="androidx.annotation.IntDef">
      <val name="value" val="{com.vrlocal.uicontrolmodule.collection.VLogUtils.V, com.vrlocal.uicontrolmodule.collection.VLogUtils.D, com.vrlocal.uicontrolmodule.collection.VLogUtils.I, com.vrlocal.uicontrolmodule.collection.VLogUtils.W, com.vrlocal.uicontrolmodule.collection.VLogUtils.E, com.vrlocal.uicontrolmodule.collection.VLogUtils.A}" />
    </annotation>
  </item>
  <item name="com.vrlocal.uicontrolmodule.collection.VLogUtils void file(int, java.lang.String, java.lang.Object) 0">
    <annotation name="androidx.annotation.IntDef">
      <val name="value" val="{com.vrlocal.uicontrolmodule.collection.VLogUtils.V, com.vrlocal.uicontrolmodule.collection.VLogUtils.D, com.vrlocal.uicontrolmodule.collection.VLogUtils.I, com.vrlocal.uicontrolmodule.collection.VLogUtils.W, com.vrlocal.uicontrolmodule.collection.VLogUtils.E, com.vrlocal.uicontrolmodule.collection.VLogUtils.A}" />
    </annotation>
  </item>
  <item name="com.vrlocal.uicontrolmodule.collection.VLogUtils void json(int, java.lang.Object) 0">
    <annotation name="androidx.annotation.IntDef">
      <val name="value" val="{com.vrlocal.uicontrolmodule.collection.VLogUtils.V, com.vrlocal.uicontrolmodule.collection.VLogUtils.D, com.vrlocal.uicontrolmodule.collection.VLogUtils.I, com.vrlocal.uicontrolmodule.collection.VLogUtils.W, com.vrlocal.uicontrolmodule.collection.VLogUtils.E, com.vrlocal.uicontrolmodule.collection.VLogUtils.A}" />
    </annotation>
  </item>
  <item name="com.vrlocal.uicontrolmodule.collection.VLogUtils void json(int, java.lang.String, java.lang.Object) 0">
    <annotation name="androidx.annotation.IntDef">
      <val name="value" val="{com.vrlocal.uicontrolmodule.collection.VLogUtils.V, com.vrlocal.uicontrolmodule.collection.VLogUtils.D, com.vrlocal.uicontrolmodule.collection.VLogUtils.I, com.vrlocal.uicontrolmodule.collection.VLogUtils.W, com.vrlocal.uicontrolmodule.collection.VLogUtils.E, com.vrlocal.uicontrolmodule.collection.VLogUtils.A}" />
    </annotation>
  </item>
  <item name="com.vrlocal.uicontrolmodule.collection.VLogUtils void xml(int, java.lang.String) 0">
    <annotation name="androidx.annotation.IntDef">
      <val name="value" val="{com.vrlocal.uicontrolmodule.collection.VLogUtils.V, com.vrlocal.uicontrolmodule.collection.VLogUtils.D, com.vrlocal.uicontrolmodule.collection.VLogUtils.I, com.vrlocal.uicontrolmodule.collection.VLogUtils.W, com.vrlocal.uicontrolmodule.collection.VLogUtils.E, com.vrlocal.uicontrolmodule.collection.VLogUtils.A}" />
    </annotation>
  </item>
  <item name="com.vrlocal.uicontrolmodule.collection.VLogUtils void xml(int, java.lang.String, java.lang.String) 0">
    <annotation name="androidx.annotation.IntDef">
      <val name="value" val="{com.vrlocal.uicontrolmodule.collection.VLogUtils.V, com.vrlocal.uicontrolmodule.collection.VLogUtils.D, com.vrlocal.uicontrolmodule.collection.VLogUtils.I, com.vrlocal.uicontrolmodule.collection.VLogUtils.W, com.vrlocal.uicontrolmodule.collection.VLogUtils.E, com.vrlocal.uicontrolmodule.collection.VLogUtils.A}" />
    </annotation>
  </item>
  <item name="com.vrlocal.uicontrolmodule.collection.VLogUtils.Config com.vrlocal.uicontrolmodule.collection.VLogUtils.Config setConsoleFilter(int) 0">
    <annotation name="androidx.annotation.IntDef">
      <val name="value" val="{com.vrlocal.uicontrolmodule.collection.VLogUtils.V, com.vrlocal.uicontrolmodule.collection.VLogUtils.D, com.vrlocal.uicontrolmodule.collection.VLogUtils.I, com.vrlocal.uicontrolmodule.collection.VLogUtils.W, com.vrlocal.uicontrolmodule.collection.VLogUtils.E, com.vrlocal.uicontrolmodule.collection.VLogUtils.A}" />
    </annotation>
  </item>
  <item name="com.vrlocal.uicontrolmodule.collection.VLogUtils.Config com.vrlocal.uicontrolmodule.collection.VLogUtils.Config setFileFilter(int) 0">
    <annotation name="androidx.annotation.IntDef">
      <val name="value" val="{com.vrlocal.uicontrolmodule.collection.VLogUtils.V, com.vrlocal.uicontrolmodule.collection.VLogUtils.D, com.vrlocal.uicontrolmodule.collection.VLogUtils.I, com.vrlocal.uicontrolmodule.collection.VLogUtils.W, com.vrlocal.uicontrolmodule.collection.VLogUtils.E, com.vrlocal.uicontrolmodule.collection.VLogUtils.A}" />
    </annotation>
  </item>
  <item name="com.vrlocal.uicontrolmodule.collection.VLogUtils.TYPE">
    <annotation name="androidx.annotation.IntDef">
      <val name="value" val="{com.vrlocal.uicontrolmodule.collection.VLogUtils.V, com.vrlocal.uicontrolmodule.collection.VLogUtils.D, com.vrlocal.uicontrolmodule.collection.VLogUtils.I, com.vrlocal.uicontrolmodule.collection.VLogUtils.W, com.vrlocal.uicontrolmodule.collection.VLogUtils.E, com.vrlocal.uicontrolmodule.collection.VLogUtils.A}" />
    </annotation>
  </item>
</root>

