<?xml version="1.0" encoding="UTF-8"?>
<root>
  <item name="com.vrlocal.uicontrolmodule.cachefile.VConvertUtils double byte2MemorySize(long, int) 1">
    <annotation name="androidx.annotation.IntDef">
      <val name="value" val="{com.vrlocal.uicontrolmodule.constant.MemoryConstants.BYTE, com.vrlocal.uicontrolmodule.constant.MemoryConstants.KB, com.vrlocal.uicontrolmodule.constant.MemoryConstants.MB, com.vrlocal.uicontrolmodule.constant.MemoryConstants.GB}" />
    </annotation>
  </item>
  <item name="com.vrlocal.uicontrolmodule.cachefile.VConvertUtils long memorySize2Byte(long, int) 1">
    <annotation name="androidx.annotation.IntDef">
      <val name="value" val="{com.vrlocal.uicontrolmodule.constant.MemoryConstants.BYTE, com.vrlocal.uicontrolmodule.constant.MemoryConstants.KB, com.vrlocal.uicontrolmodule.constant.MemoryConstants.MB, com.vrlocal.uicontrolmodule.constant.MemoryConstants.GB}" />
    </annotation>
  </item>
  <item name="com.vrlocal.uicontrolmodule.cachefile.VConvertUtils long millis2TimeSpan(long, int) 1">
    <annotation name="androidx.annotation.IntDef">
      <val name="value" val="{com.vrlocal.uicontrolmodule.constant.TimeConstants.MSEC, com.vrlocal.uicontrolmodule.constant.TimeConstants.SEC, com.vrlocal.uicontrolmodule.constant.TimeConstants.MIN, com.vrlocal.uicontrolmodule.constant.TimeConstants.HOUR, com.vrlocal.uicontrolmodule.constant.TimeConstants.DAY}" />
    </annotation>
  </item>
  <item name="com.vrlocal.uicontrolmodule.cachefile.VConvertUtils long timeSpan2Millis(long, int) 1">
    <annotation name="androidx.annotation.IntDef">
      <val name="value" val="{com.vrlocal.uicontrolmodule.constant.TimeConstants.MSEC, com.vrlocal.uicontrolmodule.constant.TimeConstants.SEC, com.vrlocal.uicontrolmodule.constant.TimeConstants.MIN, com.vrlocal.uicontrolmodule.constant.TimeConstants.HOUR, com.vrlocal.uicontrolmodule.constant.TimeConstants.DAY}" />
    </annotation>
  </item>
</root>

