<?xml version="1.0" encoding="UTF-8"?>
<root>
  <item name="com.vrlocal.uicontrolmodule.common.VTimeUtils java.lang.String getString(java.lang.String, java.text.DateFormat, long, int) 3">
    <annotation name="androidx.annotation.IntDef">
      <val name="value" val="{com.vrlocal.uicontrolmodule.constant.TimeConstants.MSEC, com.vrlocal.uicontrolmodule.constant.TimeConstants.SEC, com.vrlocal.uicontrolmodule.constant.TimeConstants.MIN, com.vrlocal.uicontrolmodule.constant.TimeConstants.HOUR, com.vrlocal.uicontrolmodule.constant.TimeConstants.DAY}" />
    </annotation>
  </item>
  <item name="com.vrlocal.uicontrolmodule.common.VTimeUtils java.lang.String getString(java.lang.String, long, int) 2">
    <annotation name="androidx.annotation.IntDef">
      <val name="value" val="{com.vrlocal.uicontrolmodule.constant.TimeConstants.MSEC, com.vrlocal.uicontrolmodule.constant.TimeConstants.SEC, com.vrlocal.uicontrolmodule.constant.TimeConstants.MIN, com.vrlocal.uicontrolmodule.constant.TimeConstants.HOUR, com.vrlocal.uicontrolmodule.constant.TimeConstants.DAY}" />
    </annotation>
  </item>
  <item name="com.vrlocal.uicontrolmodule.common.VTimeUtils java.lang.String getString(java.util.Date, java.text.DateFormat, long, int) 3">
    <annotation name="androidx.annotation.IntDef">
      <val name="value" val="{com.vrlocal.uicontrolmodule.constant.TimeConstants.MSEC, com.vrlocal.uicontrolmodule.constant.TimeConstants.SEC, com.vrlocal.uicontrolmodule.constant.TimeConstants.MIN, com.vrlocal.uicontrolmodule.constant.TimeConstants.HOUR, com.vrlocal.uicontrolmodule.constant.TimeConstants.DAY}" />
    </annotation>
  </item>
  <item name="com.vrlocal.uicontrolmodule.common.VTimeUtils java.lang.String getString(java.util.Date, long, int) 2">
    <annotation name="androidx.annotation.IntDef">
      <val name="value" val="{com.vrlocal.uicontrolmodule.constant.TimeConstants.MSEC, com.vrlocal.uicontrolmodule.constant.TimeConstants.SEC, com.vrlocal.uicontrolmodule.constant.TimeConstants.MIN, com.vrlocal.uicontrolmodule.constant.TimeConstants.HOUR, com.vrlocal.uicontrolmodule.constant.TimeConstants.DAY}" />
    </annotation>
  </item>
  <item name="com.vrlocal.uicontrolmodule.common.VTimeUtils java.lang.String getString(long, java.text.DateFormat, long, int) 3">
    <annotation name="androidx.annotation.IntDef">
      <val name="value" val="{com.vrlocal.uicontrolmodule.constant.TimeConstants.MSEC, com.vrlocal.uicontrolmodule.constant.TimeConstants.SEC, com.vrlocal.uicontrolmodule.constant.TimeConstants.MIN, com.vrlocal.uicontrolmodule.constant.TimeConstants.HOUR, com.vrlocal.uicontrolmodule.constant.TimeConstants.DAY}" />
    </annotation>
  </item>
  <item name="com.vrlocal.uicontrolmodule.common.VTimeUtils java.lang.String getString(long, long, int) 2">
    <annotation name="androidx.annotation.IntDef">
      <val name="value" val="{com.vrlocal.uicontrolmodule.constant.TimeConstants.MSEC, com.vrlocal.uicontrolmodule.constant.TimeConstants.SEC, com.vrlocal.uicontrolmodule.constant.TimeConstants.MIN, com.vrlocal.uicontrolmodule.constant.TimeConstants.HOUR, com.vrlocal.uicontrolmodule.constant.TimeConstants.DAY}" />
    </annotation>
  </item>
  <item name="com.vrlocal.uicontrolmodule.common.VTimeUtils java.lang.String getStringByNow(long, int) 1">
    <annotation name="androidx.annotation.IntDef">
      <val name="value" val="{com.vrlocal.uicontrolmodule.constant.TimeConstants.MSEC, com.vrlocal.uicontrolmodule.constant.TimeConstants.SEC, com.vrlocal.uicontrolmodule.constant.TimeConstants.MIN, com.vrlocal.uicontrolmodule.constant.TimeConstants.HOUR, com.vrlocal.uicontrolmodule.constant.TimeConstants.DAY}" />
    </annotation>
  </item>
  <item name="com.vrlocal.uicontrolmodule.common.VTimeUtils java.lang.String getStringByNow(long, java.text.DateFormat, int) 2">
    <annotation name="androidx.annotation.IntDef">
      <val name="value" val="{com.vrlocal.uicontrolmodule.constant.TimeConstants.MSEC, com.vrlocal.uicontrolmodule.constant.TimeConstants.SEC, com.vrlocal.uicontrolmodule.constant.TimeConstants.MIN, com.vrlocal.uicontrolmodule.constant.TimeConstants.HOUR, com.vrlocal.uicontrolmodule.constant.TimeConstants.DAY}" />
    </annotation>
  </item>
  <item name="com.vrlocal.uicontrolmodule.common.VTimeUtils java.util.Date getDate(java.lang.String, java.text.DateFormat, long, int) 3">
    <annotation name="androidx.annotation.IntDef">
      <val name="value" val="{com.vrlocal.uicontrolmodule.constant.TimeConstants.MSEC, com.vrlocal.uicontrolmodule.constant.TimeConstants.SEC, com.vrlocal.uicontrolmodule.constant.TimeConstants.MIN, com.vrlocal.uicontrolmodule.constant.TimeConstants.HOUR, com.vrlocal.uicontrolmodule.constant.TimeConstants.DAY}" />
    </annotation>
  </item>
  <item name="com.vrlocal.uicontrolmodule.common.VTimeUtils java.util.Date getDate(java.lang.String, long, int) 2">
    <annotation name="androidx.annotation.IntDef">
      <val name="value" val="{com.vrlocal.uicontrolmodule.constant.TimeConstants.MSEC, com.vrlocal.uicontrolmodule.constant.TimeConstants.SEC, com.vrlocal.uicontrolmodule.constant.TimeConstants.MIN, com.vrlocal.uicontrolmodule.constant.TimeConstants.HOUR, com.vrlocal.uicontrolmodule.constant.TimeConstants.DAY}" />
    </annotation>
  </item>
  <item name="com.vrlocal.uicontrolmodule.common.VTimeUtils java.util.Date getDate(java.util.Date, long, int) 2">
    <annotation name="androidx.annotation.IntDef">
      <val name="value" val="{com.vrlocal.uicontrolmodule.constant.TimeConstants.MSEC, com.vrlocal.uicontrolmodule.constant.TimeConstants.SEC, com.vrlocal.uicontrolmodule.constant.TimeConstants.MIN, com.vrlocal.uicontrolmodule.constant.TimeConstants.HOUR, com.vrlocal.uicontrolmodule.constant.TimeConstants.DAY}" />
    </annotation>
  </item>
  <item name="com.vrlocal.uicontrolmodule.common.VTimeUtils java.util.Date getDate(long, long, int) 2">
    <annotation name="androidx.annotation.IntDef">
      <val name="value" val="{com.vrlocal.uicontrolmodule.constant.TimeConstants.MSEC, com.vrlocal.uicontrolmodule.constant.TimeConstants.SEC, com.vrlocal.uicontrolmodule.constant.TimeConstants.MIN, com.vrlocal.uicontrolmodule.constant.TimeConstants.HOUR, com.vrlocal.uicontrolmodule.constant.TimeConstants.DAY}" />
    </annotation>
  </item>
  <item name="com.vrlocal.uicontrolmodule.common.VTimeUtils java.util.Date getDateByNow(long, int) 1">
    <annotation name="androidx.annotation.IntDef">
      <val name="value" val="{com.vrlocal.uicontrolmodule.constant.TimeConstants.MSEC, com.vrlocal.uicontrolmodule.constant.TimeConstants.SEC, com.vrlocal.uicontrolmodule.constant.TimeConstants.MIN, com.vrlocal.uicontrolmodule.constant.TimeConstants.HOUR, com.vrlocal.uicontrolmodule.constant.TimeConstants.DAY}" />
    </annotation>
  </item>
  <item name="com.vrlocal.uicontrolmodule.common.VTimeUtils long getMillis(java.lang.String, java.text.DateFormat, long, int) 3">
    <annotation name="androidx.annotation.IntDef">
      <val name="value" val="{com.vrlocal.uicontrolmodule.constant.TimeConstants.MSEC, com.vrlocal.uicontrolmodule.constant.TimeConstants.SEC, com.vrlocal.uicontrolmodule.constant.TimeConstants.MIN, com.vrlocal.uicontrolmodule.constant.TimeConstants.HOUR, com.vrlocal.uicontrolmodule.constant.TimeConstants.DAY}" />
    </annotation>
  </item>
  <item name="com.vrlocal.uicontrolmodule.common.VTimeUtils long getMillis(java.lang.String, long, int) 2">
    <annotation name="androidx.annotation.IntDef">
      <val name="value" val="{com.vrlocal.uicontrolmodule.constant.TimeConstants.MSEC, com.vrlocal.uicontrolmodule.constant.TimeConstants.SEC, com.vrlocal.uicontrolmodule.constant.TimeConstants.MIN, com.vrlocal.uicontrolmodule.constant.TimeConstants.HOUR, com.vrlocal.uicontrolmodule.constant.TimeConstants.DAY}" />
    </annotation>
  </item>
  <item name="com.vrlocal.uicontrolmodule.common.VTimeUtils long getMillis(java.util.Date, long, int) 2">
    <annotation name="androidx.annotation.IntDef">
      <val name="value" val="{com.vrlocal.uicontrolmodule.constant.TimeConstants.MSEC, com.vrlocal.uicontrolmodule.constant.TimeConstants.SEC, com.vrlocal.uicontrolmodule.constant.TimeConstants.MIN, com.vrlocal.uicontrolmodule.constant.TimeConstants.HOUR, com.vrlocal.uicontrolmodule.constant.TimeConstants.DAY}" />
    </annotation>
  </item>
  <item name="com.vrlocal.uicontrolmodule.common.VTimeUtils long getMillis(long, long, int) 2">
    <annotation name="androidx.annotation.IntDef">
      <val name="value" val="{com.vrlocal.uicontrolmodule.constant.TimeConstants.MSEC, com.vrlocal.uicontrolmodule.constant.TimeConstants.SEC, com.vrlocal.uicontrolmodule.constant.TimeConstants.MIN, com.vrlocal.uicontrolmodule.constant.TimeConstants.HOUR, com.vrlocal.uicontrolmodule.constant.TimeConstants.DAY}" />
    </annotation>
  </item>
  <item name="com.vrlocal.uicontrolmodule.common.VTimeUtils long getMillisByNow(long, int) 1">
    <annotation name="androidx.annotation.IntDef">
      <val name="value" val="{com.vrlocal.uicontrolmodule.constant.TimeConstants.MSEC, com.vrlocal.uicontrolmodule.constant.TimeConstants.SEC, com.vrlocal.uicontrolmodule.constant.TimeConstants.MIN, com.vrlocal.uicontrolmodule.constant.TimeConstants.HOUR, com.vrlocal.uicontrolmodule.constant.TimeConstants.DAY}" />
    </annotation>
  </item>
  <item name="com.vrlocal.uicontrolmodule.common.VTimeUtils long getTimeSpan(java.lang.String, java.lang.String, int) 2">
    <annotation name="androidx.annotation.IntDef">
      <val name="value" val="{com.vrlocal.uicontrolmodule.constant.TimeConstants.MSEC, com.vrlocal.uicontrolmodule.constant.TimeConstants.SEC, com.vrlocal.uicontrolmodule.constant.TimeConstants.MIN, com.vrlocal.uicontrolmodule.constant.TimeConstants.HOUR, com.vrlocal.uicontrolmodule.constant.TimeConstants.DAY}" />
    </annotation>
  </item>
  <item name="com.vrlocal.uicontrolmodule.common.VTimeUtils long getTimeSpan(java.lang.String, java.lang.String, java.text.DateFormat, int) 3">
    <annotation name="androidx.annotation.IntDef">
      <val name="value" val="{com.vrlocal.uicontrolmodule.constant.TimeConstants.MSEC, com.vrlocal.uicontrolmodule.constant.TimeConstants.SEC, com.vrlocal.uicontrolmodule.constant.TimeConstants.MIN, com.vrlocal.uicontrolmodule.constant.TimeConstants.HOUR, com.vrlocal.uicontrolmodule.constant.TimeConstants.DAY}" />
    </annotation>
  </item>
  <item name="com.vrlocal.uicontrolmodule.common.VTimeUtils long getTimeSpan(java.util.Date, java.util.Date, int) 2">
    <annotation name="androidx.annotation.IntDef">
      <val name="value" val="{com.vrlocal.uicontrolmodule.constant.TimeConstants.MSEC, com.vrlocal.uicontrolmodule.constant.TimeConstants.SEC, com.vrlocal.uicontrolmodule.constant.TimeConstants.MIN, com.vrlocal.uicontrolmodule.constant.TimeConstants.HOUR, com.vrlocal.uicontrolmodule.constant.TimeConstants.DAY}" />
    </annotation>
  </item>
  <item name="com.vrlocal.uicontrolmodule.common.VTimeUtils long getTimeSpan(long, long, int) 2">
    <annotation name="androidx.annotation.IntDef">
      <val name="value" val="{com.vrlocal.uicontrolmodule.constant.TimeConstants.MSEC, com.vrlocal.uicontrolmodule.constant.TimeConstants.SEC, com.vrlocal.uicontrolmodule.constant.TimeConstants.MIN, com.vrlocal.uicontrolmodule.constant.TimeConstants.HOUR, com.vrlocal.uicontrolmodule.constant.TimeConstants.DAY}" />
    </annotation>
  </item>
  <item name="com.vrlocal.uicontrolmodule.common.VTimeUtils long getTimeSpanByNow(java.lang.String, int) 1">
    <annotation name="androidx.annotation.IntDef">
      <val name="value" val="{com.vrlocal.uicontrolmodule.constant.TimeConstants.MSEC, com.vrlocal.uicontrolmodule.constant.TimeConstants.SEC, com.vrlocal.uicontrolmodule.constant.TimeConstants.MIN, com.vrlocal.uicontrolmodule.constant.TimeConstants.HOUR, com.vrlocal.uicontrolmodule.constant.TimeConstants.DAY}" />
    </annotation>
  </item>
  <item name="com.vrlocal.uicontrolmodule.common.VTimeUtils long getTimeSpanByNow(java.lang.String, java.text.DateFormat, int) 2">
    <annotation name="androidx.annotation.IntDef">
      <val name="value" val="{com.vrlocal.uicontrolmodule.constant.TimeConstants.MSEC, com.vrlocal.uicontrolmodule.constant.TimeConstants.SEC, com.vrlocal.uicontrolmodule.constant.TimeConstants.MIN, com.vrlocal.uicontrolmodule.constant.TimeConstants.HOUR, com.vrlocal.uicontrolmodule.constant.TimeConstants.DAY}" />
    </annotation>
  </item>
  <item name="com.vrlocal.uicontrolmodule.common.VTimeUtils long getTimeSpanByNow(java.util.Date, int) 1">
    <annotation name="androidx.annotation.IntDef">
      <val name="value" val="{com.vrlocal.uicontrolmodule.constant.TimeConstants.MSEC, com.vrlocal.uicontrolmodule.constant.TimeConstants.SEC, com.vrlocal.uicontrolmodule.constant.TimeConstants.MIN, com.vrlocal.uicontrolmodule.constant.TimeConstants.HOUR, com.vrlocal.uicontrolmodule.constant.TimeConstants.DAY}" />
    </annotation>
  </item>
  <item name="com.vrlocal.uicontrolmodule.common.VTimeUtils long getTimeSpanByNow(long, int) 1">
    <annotation name="androidx.annotation.IntDef">
      <val name="value" val="{com.vrlocal.uicontrolmodule.constant.TimeConstants.MSEC, com.vrlocal.uicontrolmodule.constant.TimeConstants.SEC, com.vrlocal.uicontrolmodule.constant.TimeConstants.MIN, com.vrlocal.uicontrolmodule.constant.TimeConstants.HOUR, com.vrlocal.uicontrolmodule.constant.TimeConstants.DAY}" />
    </annotation>
  </item>
  <item name="com.vrlocal.uicontrolmodule.common.VTimeUtils long millis2TimeSpan(long, int) 1">
    <annotation name="androidx.annotation.IntDef">
      <val name="value" val="{com.vrlocal.uicontrolmodule.constant.TimeConstants.MSEC, com.vrlocal.uicontrolmodule.constant.TimeConstants.SEC, com.vrlocal.uicontrolmodule.constant.TimeConstants.MIN, com.vrlocal.uicontrolmodule.constant.TimeConstants.HOUR, com.vrlocal.uicontrolmodule.constant.TimeConstants.DAY}" />
    </annotation>
  </item>
  <item name="com.vrlocal.uicontrolmodule.common.VTimeUtils long timeSpan2Millis(long, int) 1">
    <annotation name="androidx.annotation.IntDef">
      <val name="value" val="{com.vrlocal.uicontrolmodule.constant.TimeConstants.MSEC, com.vrlocal.uicontrolmodule.constant.TimeConstants.SEC, com.vrlocal.uicontrolmodule.constant.TimeConstants.MIN, com.vrlocal.uicontrolmodule.constant.TimeConstants.HOUR, com.vrlocal.uicontrolmodule.constant.TimeConstants.DAY}" />
    </annotation>
  </item>
</root>

