<?xml version="1.0" encoding="UTF-8"?>
<root>
  <item name="com.vrlocal.uicontrolmodule.ui.VSnackBarUtils com.vrlocal.uicontrolmodule.ui.VSnackBarUtils setDuration(int) 0">
    <annotation name="androidx.annotation.IntDef">
      <val name="value" val="{com.vrlocal.uicontrolmodule.ui.VSnackBarUtils.LENGTH_INDEFINITE, com.vrlocal.uicontrolmodule.ui.VSnackBarUtils.LENGTH_SHORT, com.vrlocal.uicontrolmodule.ui.VSnackBarUtils.LENGTH_LONG}" />
    </annotation>
  </item>
  <item name="com.vrlocal.uicontrolmodule.ui.VSnackBarUtils.Duration">
    <annotation name="androidx.annotation.IntDef">
      <val name="value" val="{com.vrlocal.uicontrolmodule.ui.VSnackBarUtils.LENGTH_INDEFINITE, com.vrlocal.uicontrolmodule.ui.VSnackBarUtils.LENGTH_SHORT, com.vrlocal.uicontrolmodule.ui.VSnackBarUtils.LENGTH_LONG}" />
    </annotation>
  </item>
  <item name="com.vrlocal.uicontrolmodule.ui.VSpanUtils com.vrlocal.uicontrolmodule.ui.VSpanUtils appendImage(android.graphics.Bitmap, int) 1">
    <annotation name="androidx.annotation.IntDef">
      <val name="value" val="{com.vrlocal.uicontrolmodule.ui.VSpanUtils.ALIGN_BOTTOM, com.vrlocal.uicontrolmodule.ui.VSpanUtils.ALIGN_BASELINE, com.vrlocal.uicontrolmodule.ui.VSpanUtils.ALIGN_CENTER, com.vrlocal.uicontrolmodule.ui.VSpanUtils.ALIGN_TOP}" />
    </annotation>
  </item>
  <item name="com.vrlocal.uicontrolmodule.ui.VSpanUtils com.vrlocal.uicontrolmodule.ui.VSpanUtils appendImage(android.graphics.drawable.Drawable, int) 1">
    <annotation name="androidx.annotation.IntDef">
      <val name="value" val="{com.vrlocal.uicontrolmodule.ui.VSpanUtils.ALIGN_BOTTOM, com.vrlocal.uicontrolmodule.ui.VSpanUtils.ALIGN_BASELINE, com.vrlocal.uicontrolmodule.ui.VSpanUtils.ALIGN_CENTER, com.vrlocal.uicontrolmodule.ui.VSpanUtils.ALIGN_TOP}" />
    </annotation>
  </item>
  <item name="com.vrlocal.uicontrolmodule.ui.VSpanUtils com.vrlocal.uicontrolmodule.ui.VSpanUtils appendImage(android.net.Uri, int) 1">
    <annotation name="androidx.annotation.IntDef">
      <val name="value" val="{com.vrlocal.uicontrolmodule.ui.VSpanUtils.ALIGN_BOTTOM, com.vrlocal.uicontrolmodule.ui.VSpanUtils.ALIGN_BASELINE, com.vrlocal.uicontrolmodule.ui.VSpanUtils.ALIGN_CENTER, com.vrlocal.uicontrolmodule.ui.VSpanUtils.ALIGN_TOP}" />
    </annotation>
  </item>
  <item name="com.vrlocal.uicontrolmodule.ui.VSpanUtils com.vrlocal.uicontrolmodule.ui.VSpanUtils appendImage(int, int) 1">
    <annotation name="androidx.annotation.IntDef">
      <val name="value" val="{com.vrlocal.uicontrolmodule.ui.VSpanUtils.ALIGN_BOTTOM, com.vrlocal.uicontrolmodule.ui.VSpanUtils.ALIGN_BASELINE, com.vrlocal.uicontrolmodule.ui.VSpanUtils.ALIGN_CENTER, com.vrlocal.uicontrolmodule.ui.VSpanUtils.ALIGN_TOP}" />
    </annotation>
  </item>
  <item name="com.vrlocal.uicontrolmodule.ui.VSpanUtils com.vrlocal.uicontrolmodule.ui.VSpanUtils setLineHeight(int, int) 1">
    <annotation name="androidx.annotation.IntDef">
      <val name="value" val="{com.vrlocal.uicontrolmodule.ui.VSpanUtils.ALIGN_BOTTOM, com.vrlocal.uicontrolmodule.ui.VSpanUtils.ALIGN_BASELINE, com.vrlocal.uicontrolmodule.ui.VSpanUtils.ALIGN_CENTER, com.vrlocal.uicontrolmodule.ui.VSpanUtils.ALIGN_TOP}" />
    </annotation>
  </item>
  <item name="com.vrlocal.uicontrolmodule.ui.VSpanUtils com.vrlocal.uicontrolmodule.ui.VSpanUtils setVerticalAlign(int) 0">
    <annotation name="androidx.annotation.IntDef">
      <val name="value" val="{com.vrlocal.uicontrolmodule.ui.VSpanUtils.ALIGN_BOTTOM, com.vrlocal.uicontrolmodule.ui.VSpanUtils.ALIGN_BASELINE, com.vrlocal.uicontrolmodule.ui.VSpanUtils.ALIGN_CENTER, com.vrlocal.uicontrolmodule.ui.VSpanUtils.ALIGN_TOP}" />
    </annotation>
  </item>
  <item name="com.vrlocal.uicontrolmodule.ui.VSpanUtils.Align">
    <annotation name="androidx.annotation.IntDef">
      <val name="value" val="{com.vrlocal.uicontrolmodule.ui.VSpanUtils.ALIGN_BOTTOM, com.vrlocal.uicontrolmodule.ui.VSpanUtils.ALIGN_BASELINE, com.vrlocal.uicontrolmodule.ui.VSpanUtils.ALIGN_CENTER, com.vrlocal.uicontrolmodule.ui.VSpanUtils.ALIGN_TOP}" />
    </annotation>
  </item>
</root>

